{"accuracy": 0.9016393442622951, "precision": 0.9166666666666666, "recall": 0.9166666666666666, "jaccard": 0.8461538461538461, "f1": 0.9166666666666666, "roc_auc_score": 0.8983333333333332}